date,advice
2025-05-13,"I stir masala at midnight, because bold flavor beats bland living."
2025-05-14,"I side‑eye whiners during traffic, expectations render slowly; patience prevents crashes."
2025-05-15,"I pitch my dream studio to the mirror, gratitude is unskippable content."
2025-05-16,"I iterate my portfolio in dark mode, coconut milk proves soft can be strong."
2025-05-17,"I flirt with fonts while sipping chai, adulting version updates drop daily."
2025-05-18,"I ghost negativity quicker than ads, ads and drama deserve the same swipe."
2025-05-19,"I taste‑test love stories like chutney, dal knows simmering builds depth."
2025-05-20,"I nudge pixels and expectations, kerning destiny leaves no widows."
2025-05-21,"I budget hopes between biryanis, plan B keeps plan A honest."
2025-05-22,"I parade my cringe on purpose, even shadows reveal contrast."
2025-05-23,"I optimize curry and courage, curry and courage both need heat."
2025-05-24,"I karaoke feedback into the void, faith has the shortest boot time."
2025-05-25,"I debug feelings over dal, memes recycle failure into laughter."
2025-05-26,"I slow‑cook plans in patience, reminding myself whining burns zero calories."
2025-05-27,"I gawk at blessings most miss, every bite funds ambition dividends."
2025-05-28,"I dance between stoic and smooth, swing states make good stories."
2025-05-29,"I archive regrets like spam, deadline smoke alarms keep dreams crispy."
2025-05-30,"I run prototypes on faith, PNG transparency keeps intentions clear."
2025-05-31,"I trade eye rolls for empathy, chutney teaches variety beats monotony."
2025-06-01,"I proofread destiny in Figma, plans taste better after hours."
2025-06-02,"I garnish hustle with humor, humor is sustainable fuel."
2025-06-03,"I marinate confidence in coconut milk, filter coffee and grit share grind."
2025-06-04,"I juggle deadlines and dosa flips, serif or sans, choose clarity over clutter."
2025-06-05,"I chill ambition in the freezer, echoes tell you what stuck."
2025-06-06,"I remix mistakes into memes, eye rolls are expensive in empathy tax."
2025-06-07,"I knead doubt like naan dough, naan rises when punched down."
2025-06-08,"I pepper conversations with plan B, this mirror is my first investor pitch."
2025-06-09,"I brew resilience stronger than filter coffee, cringe today, charisma tomorrow."
2025-06-10,"I beta‑test adulting daily, spam folders teach selective memory."
2025-06-11,I batch export kindness in PNG ambition melts but resets flavor.
2025-06-12,"I stir masala at midnight, because bold flavor beats bland living."
2025-06-13,"I side‑eye whiners during traffic, expectations render slowly; patience prevents crashes."
2025-06-14,"I pitch my dream studio to the mirror, gratitude is unskippable content."
2025-06-15,"I iterate my portfolio in dark mode, coconut milk proves soft can be strong."
2025-06-16,"I flirt with fonts while sipping chai, adulting version updates drop daily."
2025-06-17,"I ghost negativity quicker than ads, ads and drama deserve the same swipe."
2025-06-18,"I taste‑test love stories like chutney, dal knows simmering builds depth."
2025-06-19,"I nudge pixels and expectations, kerning destiny leaves no widows."
2025-06-20,"I budget hopes between biryanis, plan B keeps plan A honest."
2025-06-21,"I parade my cringe on purpose, even shadows reveal contrast."
2025-06-22,"I optimize curry and courage, curry and courage both need heat."
2025-06-23,"I karaoke feedback into the void, faith has the shortest boot time."
2025-06-24,"I debug feelings over dal, memes recycle failure into laughter."
2025-06-25,"I slow‑cook plans in patience, reminding myself whining burns zero calories."
2025-06-26,"I gawk at blessings most miss, every bite funds ambition dividends."
2025-06-27,"I dance between stoic and smooth, swing states make good stories."
2025-06-28,"I archive regrets like spam, deadline smoke alarms keep dreams crispy."
2025-06-29,"I run prototypes on faith, PNG transparency keeps intentions clear."
2025-06-30,"I trade eye rolls for empathy, chutney teaches variety beats monotony."
2025-07-01,"I proofread destiny in Figma, plans taste better after hours."
2025-07-02,"I garnish hustle with humor, humor is sustainable fuel."
2025-07-03,"I marinate confidence in coconut milk, filter coffee and grit share grind."
2025-07-04,"I juggle deadlines and dosa flips, serif or sans, choose clarity over clutter."
2025-07-05,"I chill ambition in the freezer, echoes tell you what stuck."
2025-07-06,"I remix mistakes into memes, eye rolls are expensive in empathy tax."
2025-07-07,"I knead doubt like naan dough, naan rises when punched down."
2025-07-08,"I pepper conversations with plan B, this mirror is my first investor pitch."
2025-07-09,"I brew resilience stronger than filter coffee, cringe today, charisma tomorrow."
2025-07-10,"I beta‑test adulting daily, spam folders teach selective memory."
2025-07-11,I batch export kindness in PNG ambition melts but resets flavor.
2025-07-12,"I stir masala at midnight, because bold flavor beats bland living."
2025-07-13,"I side‑eye whiners during traffic, expectations render slowly; patience prevents crashes."
2025-07-14,"I pitch my dream studio to the mirror, gratitude is unskippable content."
2025-07-15,"I iterate my portfolio in dark mode, coconut milk proves soft can be strong."
2025-07-16,"I flirt with fonts while sipping chai, adulting version updates drop daily."
2025-07-17,"I ghost negativity quicker than ads, ads and drama deserve the same swipe."
2025-07-18,"I taste‑test love stories like chutney, dal knows simmering builds depth."
2025-07-19,"I nudge pixels and expectations, kerning destiny leaves no widows."
2025-07-20,"I budget hopes between biryanis, plan B keeps plan A honest."
2025-07-21,"I parade my cringe on purpose, even shadows reveal contrast."
2025-07-22,"I optimize curry and courage, curry and courage both need heat."
2025-07-23,"I karaoke feedback into the void, faith has the shortest boot time."
2025-07-24,"I debug feelings over dal, memes recycle failure into laughter."
2025-07-25,"I slow‑cook plans in patience, reminding myself whining burns zero calories."
2025-07-26,"I gawk at blessings most miss, every bite funds ambition dividends."
2025-07-27,"I dance between stoic and smooth, swing states make good stories."
2025-07-28,"I archive regrets like spam, deadline smoke alarms keep dreams crispy."
2025-07-29,"I run prototypes on faith, PNG transparency keeps intentions clear."
2025-07-30,"I trade eye rolls for empathy, chutney teaches variety beats monotony."
2025-07-31,"I proofread destiny in Figma, plans taste better after hours."
2025-08-01,"I garnish hustle with humor, humor is sustainable fuel."
2025-08-02,"I marinate confidence in coconut milk, filter coffee and grit share grind."
2025-08-03,"I juggle deadlines and dosa flips, serif or sans, choose clarity over clutter."
2025-08-04,"I chill ambition in the freezer, echoes tell you what stuck."
2025-08-05,"I remix mistakes into memes, eye rolls are expensive in empathy tax."
2025-08-06,"I knead doubt like naan dough, naan rises when punched down."
2025-08-07,"I pepper conversations with plan B, this mirror is my first investor pitch."
2025-08-08,"I brew resilience stronger than filter coffee, cringe today, charisma tomorrow."
2025-08-09,"I beta‑test adulting daily, spam folders teach selective memory."
2025-08-10,I batch export kindness in PNG ambition melts but resets flavor.
2025-08-11,"I stir masala at midnight, because bold flavor beats bland living."
2025-08-12,"I side‑eye whiners during traffic, expectations render slowly; patience prevents crashes."
2025-08-13,"I pitch my dream studio to the mirror, gratitude is unskippable content."
2025-08-14,"I iterate my portfolio in dark mode, coconut milk proves soft can be strong."
2025-08-15,"I flirt with fonts while sipping chai, adulting version updates drop daily."
2025-08-16,"I ghost negativity quicker than ads, ads and drama deserve the same swipe."
2025-08-17,"I taste‑test love stories like chutney, dal knows simmering builds depth."
2025-08-18,"I nudge pixels and expectations, kerning destiny leaves no widows."
2025-08-19,"I budget hopes between biryanis, plan B keeps plan A honest."
2025-08-20,"I parade my cringe on purpose, even shadows reveal contrast."
2025-08-21,"I optimize curry and courage, curry and courage both need heat."
2025-08-22,"I karaoke feedback into the void, faith has the shortest boot time."
2025-08-23,"I debug feelings over dal, memes recycle failure into laughter."
2025-08-24,"I slow‑cook plans in patience, reminding myself whining burns zero calories."
2025-08-25,"I gawk at blessings most miss, every bite funds ambition dividends."
2025-08-26,"I dance between stoic and smooth, swing states make good stories."
2025-08-27,"I archive regrets like spam, deadline smoke alarms keep dreams crispy."
2025-08-28,"I run prototypes on faith, PNG transparency keeps intentions clear."
2025-08-29,"I trade eye rolls for empathy, chutney teaches variety beats monotony."
2025-08-30,"I proofread destiny in Figma, plans taste better after hours."
2025-08-31,"I garnish hustle with humor, humor is sustainable fuel."
2025-09-01,"I marinate confidence in coconut milk, filter coffee and grit share grind."
2025-09-02,"I juggle deadlines and dosa flips, serif or sans, choose clarity over clutter."
2025-09-03,"I chill ambition in the freezer, echoes tell you what stuck."
2025-09-04,"I remix mistakes into memes, eye rolls are expensive in empathy tax."
2025-09-05,"I knead doubt like naan dough, naan rises when punched down."
2025-09-06,"I pepper conversations with plan B, this mirror is my first investor pitch."
2025-09-07,"I brew resilience stronger than filter coffee, cringe today, charisma tomorrow."
2025-09-08,"I beta‑test adulting daily, spam folders teach selective memory."
2025-09-09,I batch export kindness in PNG ambition melts but resets flavor.
2025-09-10,"I stir masala at midnight, because bold flavor beats bland living."
2025-09-11,"I side‑eye whiners during traffic, expectations render slowly; patience prevents crashes."
2025-09-12,"I pitch my dream studio to the mirror, gratitude is unskippable content."
2025-09-13,"I iterate my portfolio in dark mode, coconut milk proves soft can be strong."
2025-09-14,"I flirt with fonts while sipping chai, adulting version updates drop daily."
2025-09-15,"I ghost negativity quicker than ads, ads and drama deserve the same swipe."
2025-09-16,"I taste‑test love stories like chutney, dal knows simmering builds depth."
2025-09-17,"I nudge pixels and expectations, kerning destiny leaves no widows."
2025-09-18,"I budget hopes between biryanis, plan B keeps plan A honest."
2025-09-19,"I parade my cringe on purpose, even shadows reveal contrast."
2025-09-20,"I optimize curry and courage, curry and courage both need heat."
2025-09-21,"I karaoke feedback into the void, faith has the shortest boot time."
2025-09-22,"I debug feelings over dal, memes recycle failure into laughter."
2025-09-23,"I slow‑cook plans in patience, reminding myself whining burns zero calories."
2025-09-24,"I gawk at blessings most miss, every bite funds ambition dividends."
2025-09-25,"I dance between stoic and smooth, swing states make good stories."
2025-09-26,"I archive regrets like spam, deadline smoke alarms keep dreams crispy."
2025-09-27,"I run prototypes on faith, PNG transparency keeps intentions clear."
2025-09-28,"I trade eye rolls for empathy, chutney teaches variety beats monotony."
2025-09-29,"I proofread destiny in Figma, plans taste better after hours."
2025-09-30,"I garnish hustle with humor, humor is sustainable fuel."
2025-10-01,"I marinate confidence in coconut milk, filter coffee and grit share grind."
2025-10-02,"I juggle deadlines and dosa flips, serif or sans, choose clarity over clutter."
2025-10-03,"I chill ambition in the freezer, echoes tell you what stuck."
2025-10-04,"I remix mistakes into memes, eye rolls are expensive in empathy tax."
2025-10-05,"I knead doubt like naan dough, naan rises when punched down."
2025-10-06,"I pepper conversations with plan B, this mirror is my first investor pitch."
2025-10-07,"I brew resilience stronger than filter coffee, cringe today, charisma tomorrow."
2025-10-08,"I beta‑test adulting daily, spam folders teach selective memory."
2025-10-09,I batch export kindness in PNG ambition melts but resets flavor.
2025-10-10,"I stir masala at midnight, because bold flavor beats bland living."
2025-10-11,"I side‑eye whiners during traffic, expectations render slowly; patience prevents crashes."
2025-10-12,"I pitch my dream studio to the mirror, gratitude is unskippable content."
2025-10-13,"I iterate my portfolio in dark mode, coconut milk proves soft can be strong."
2025-10-14,"I flirt with fonts while sipping chai, adulting version updates drop daily."
2025-10-15,"I ghost negativity quicker than ads, ads and drama deserve the same swipe."
2025-10-16,"I taste‑test love stories like chutney, dal knows simmering builds depth."
2025-10-17,"I nudge pixels and expectations, kerning destiny leaves no widows."
2025-10-18,"I budget hopes between biryanis, plan B keeps plan A honest."
2025-10-19,"I parade my cringe on purpose, even shadows reveal contrast."
2025-10-20,"I optimize curry and courage, curry and courage both need heat."
2025-10-21,"I karaoke feedback into the void, faith has the shortest boot time."
2025-10-22,"I debug feelings over dal, memes recycle failure into laughter."
2025-10-23,"I slow‑cook plans in patience, reminding myself whining burns zero calories."
2025-10-24,"I gawk at blessings most miss, every bite funds ambition dividends."
2025-10-25,"I dance between stoic and smooth, swing states make good stories."
2025-10-26,"I archive regrets like spam, deadline smoke alarms keep dreams crispy."
2025-10-27,"I run prototypes on faith, PNG transparency keeps intentions clear."
2025-10-28,"I trade eye rolls for empathy, chutney teaches variety beats monotony."
2025-10-29,"I proofread destiny in Figma, plans taste better after hours."
2025-10-30,"I garnish hustle with humor, humor is sustainable fuel."
2025-10-31,"I marinate confidence in coconut milk, filter coffee and grit share grind."
2025-11-01,"I juggle deadlines and dosa flips, serif or sans, choose clarity over clutter."
2025-11-02,"I chill ambition in the freezer, echoes tell you what stuck."
2025-11-03,"I remix mistakes into memes, eye rolls are expensive in empathy tax."
2025-11-04,"I knead doubt like naan dough, naan rises when punched down."
2025-11-05,"I pepper conversations with plan B, this mirror is my first investor pitch."
2025-11-06,"I brew resilience stronger than filter coffee, cringe today, charisma tomorrow."
2025-11-07,"I beta‑test adulting daily, spam folders teach selective memory."
2025-11-08,I batch export kindness in PNG ambition melts but resets flavor.
2025-11-09,"I stir masala at midnight, because bold flavor beats bland living."
2025-11-10,"I side‑eye whiners during traffic, expectations render slowly; patience prevents crashes."
2025-11-11,"I pitch my dream studio to the mirror, gratitude is unskippable content."
2025-11-12,"I iterate my portfolio in dark mode, coconut milk proves soft can be strong."
2025-11-13,"I flirt with fonts while sipping chai, adulting version updates drop daily."
2025-11-14,"I ghost negativity quicker than ads, ads and drama deserve the same swipe."
2025-11-15,"I taste‑test love stories like chutney, dal knows simmering builds depth."
2025-11-16,"I nudge pixels and expectations, kerning destiny leaves no widows."
2025-11-17,"I budget hopes between biryanis, plan B keeps plan A honest."
2025-11-18,"I parade my cringe on purpose, even shadows reveal contrast."
2025-11-19,"I optimize curry and courage, curry and courage both need heat."
2025-11-20,"I karaoke feedback into the void, faith has the shortest boot time."
2025-11-21,"I debug feelings over dal, memes recycle failure into laughter."
2025-11-22,"I slow‑cook plans in patience, reminding myself whining burns zero calories."
2025-11-23,"I gawk at blessings most miss, every bite funds ambition dividends."
2025-11-24,"I dance between stoic and smooth, swing states make good stories."
2025-11-25,"I archive regrets like spam, deadline smoke alarms keep dreams crispy."
2025-11-26,"I run prototypes on faith, PNG transparency keeps intentions clear."
2025-11-27,"I trade eye rolls for empathy, chutney teaches variety beats monotony."
2025-11-28,"I proofread destiny in Figma, plans taste better after hours."
2025-11-29,"I garnish hustle with humor, humor is sustainable fuel."
2025-11-30,"I marinate confidence in coconut milk, filter coffee and grit share grind."
2025-12-01,"I juggle deadlines and dosa flips, serif or sans, choose clarity over clutter."
2025-12-02,"I chill ambition in the freezer, echoes tell you what stuck."
2025-12-03,"I remix mistakes into memes, eye rolls are expensive in empathy tax."
2025-12-04,"I knead doubt like naan dough, naan rises when punched down."
2025-12-05,"I pepper conversations with plan B, this mirror is my first investor pitch."
2025-12-06,"I brew resilience stronger than filter coffee, cringe today, charisma tomorrow."
2025-12-07,"I beta‑test adulting daily, spam folders teach selective memory."
2025-12-08,I batch export kindness in PNG ambition melts but resets flavor.
2025-12-09,"I stir masala at midnight, because bold flavor beats bland living."
2025-12-10,"I side‑eye whiners during traffic, expectations render slowly; patience prevents crashes."
2025-12-11,"I pitch my dream studio to the mirror, gratitude is unskippable content."
2025-12-12,"I iterate my portfolio in dark mode, coconut milk proves soft can be strong."
2025-12-13,"I flirt with fonts while sipping chai, adulting version updates drop daily."
2025-12-14,"I ghost negativity quicker than ads, ads and drama deserve the same swipe."
2025-12-15,"I taste‑test love stories like chutney, dal knows simmering builds depth."
2025-12-16,"I nudge pixels and expectations, kerning destiny leaves no widows."
2025-12-17,"I budget hopes between biryanis, plan B keeps plan A honest."
2025-12-18,"I parade my cringe on purpose, even shadows reveal contrast."
2025-12-19,"I optimize curry and courage, curry and courage both need heat."
2025-12-20,"I karaoke feedback into the void, faith has the shortest boot time."
2025-12-21,"I debug feelings over dal, memes recycle failure into laughter."
2025-12-22,"I slow‑cook plans in patience, reminding myself whining burns zero calories."
2025-12-23,"I gawk at blessings most miss, every bite funds ambition dividends."
2025-12-24,"I dance between stoic and smooth, swing states make good stories."
2025-12-25,"I archive regrets like spam, deadline smoke alarms keep dreams crispy."
2025-12-26,"I run prototypes on faith, PNG transparency keeps intentions clear."
2025-12-27,"I trade eye rolls for empathy, chutney teaches variety beats monotony."
2025-12-28,"I proofread destiny in Figma, plans taste better after hours."
2025-12-29,"I garnish hustle with humor, humor is sustainable fuel."
2025-12-30,"I marinate confidence in coconut milk, filter coffee and grit share grind."
2025-12-31,"I juggle deadlines and dosa flips, serif or sans, choose clarity over clutter."
2026-01-01,"I chill ambition in the freezer, echoes tell you what stuck."
2026-01-02,"I remix mistakes into memes, eye rolls are expensive in empathy tax."
2026-01-03,"I knead doubt like naan dough, naan rises when punched down."
2026-01-04,"I pepper conversations with plan B, this mirror is my first investor pitch."
2026-01-05,"I brew resilience stronger than filter coffee, cringe today, charisma tomorrow."
2026-01-06,"I beta‑test adulting daily, spam folders teach selective memory."
2026-01-07,I batch export kindness in PNG ambition melts but resets flavor.
2026-01-08,"I stir masala at midnight, because bold flavor beats bland living."
2026-01-09,"I side‑eye whiners during traffic, expectations render slowly; patience prevents crashes."
2026-01-10,"I pitch my dream studio to the mirror, gratitude is unskippable content."
2026-01-11,"I iterate my portfolio in dark mode, coconut milk proves soft can be strong."
2026-01-12,"I flirt with fonts while sipping chai, adulting version updates drop daily."
2026-01-13,"I ghost negativity quicker than ads, ads and drama deserve the same swipe."
2026-01-14,"I taste‑test love stories like chutney, dal knows simmering builds depth."
2026-01-15,"I nudge pixels and expectations, kerning destiny leaves no widows."
2026-01-16,"I budget hopes between biryanis, plan B keeps plan A honest."
2026-01-17,"I parade my cringe on purpose, even shadows reveal contrast."
2026-01-18,"I optimize curry and courage, curry and courage both need heat."
2026-01-19,"I karaoke feedback into the void, faith has the shortest boot time."
2026-01-20,"I debug feelings over dal, memes recycle failure into laughter."
2026-01-21,"I slow‑cook plans in patience, reminding myself whining burns zero calories."
2026-01-22,"I gawk at blessings most miss, every bite funds ambition dividends."
2026-01-23,"I dance between stoic and smooth, swing states make good stories."
2026-01-24,"I archive regrets like spam, deadline smoke alarms keep dreams crispy."
2026-01-25,"I run prototypes on faith, PNG transparency keeps intentions clear."
2026-01-26,"I trade eye rolls for empathy, chutney teaches variety beats monotony."
2026-01-27,"I proofread destiny in Figma, plans taste better after hours."
2026-01-28,"I garnish hustle with humor, humor is sustainable fuel."
2026-01-29,"I marinate confidence in coconut milk, filter coffee and grit share grind."
2026-01-30,"I juggle deadlines and dosa flips, serif or sans, choose clarity over clutter."
2026-01-31,"I chill ambition in the freezer, echoes tell you what stuck."
2026-02-01,"I remix mistakes into memes, eye rolls are expensive in empathy tax."
2026-02-02,"I knead doubt like naan dough, naan rises when punched down."
2026-02-03,"I pepper conversations with plan B, this mirror is my first investor pitch."
2026-02-04,"I brew resilience stronger than filter coffee, cringe today, charisma tomorrow."
2026-02-05,"I beta‑test adulting daily, spam folders teach selective memory."
2026-02-06,I batch export kindness in PNG ambition melts but resets flavor.
2026-02-07,"I stir masala at midnight, because bold flavor beats bland living."
2026-02-08,"I side‑eye whiners during traffic, expectations render slowly; patience prevents crashes."
2026-02-09,"I pitch my dream studio to the mirror, gratitude is unskippable content."
2026-02-10,"I iterate my portfolio in dark mode, coconut milk proves soft can be strong."
2026-02-11,"I flirt with fonts while sipping chai, adulting version updates drop daily."
2026-02-12,"I ghost negativity quicker than ads, ads and drama deserve the same swipe."
2026-02-13,"I taste‑test love stories like chutney, dal knows simmering builds depth."
2026-02-14,"I nudge pixels and expectations, kerning destiny leaves no widows."
2026-02-15,"I budget hopes between biryanis, plan B keeps plan A honest."
2026-02-16,"I parade my cringe on purpose, even shadows reveal contrast."
2026-02-17,"I optimize curry and courage, curry and courage both need heat."
2026-02-18,"I karaoke feedback into the void, faith has the shortest boot time."
2026-02-19,"I debug feelings over dal, memes recycle failure into laughter."
2026-02-20,"I slow‑cook plans in patience, reminding myself whining burns zero calories."
2026-02-21,"I gawk at blessings most miss, every bite funds ambition dividends."
2026-02-22,"I dance between stoic and smooth, swing states make good stories."
2026-02-23,"I archive regrets like spam, deadline smoke alarms keep dreams crispy."
2026-02-24,"I run prototypes on faith, PNG transparency keeps intentions clear."
2026-02-25,"I trade eye rolls for empathy, chutney teaches variety beats monotony."
2026-02-26,"I proofread destiny in Figma, plans taste better after hours."
2026-02-27,"I garnish hustle with humor, humor is sustainable fuel."
2026-02-28,"I marinate confidence in coconut milk, filter coffee and grit share grind."
2026-03-01,"I juggle deadlines and dosa flips, serif or sans, choose clarity over clutter."
2026-03-02,"I chill ambition in the freezer, echoes tell you what stuck."
2026-03-03,"I remix mistakes into memes, eye rolls are expensive in empathy tax."
2026-03-04,"I knead doubt like naan dough, naan rises when punched down."
2026-03-05,"I pepper conversations with plan B, this mirror is my first investor pitch."
2026-03-06,"I brew resilience stronger than filter coffee, cringe today, charisma tomorrow."
2026-03-07,"I beta‑test adulting daily, spam folders teach selective memory."
2026-03-08,I batch export kindness in PNG ambition melts but resets flavor.
2026-03-09,"I stir masala at midnight, because bold flavor beats bland living."
2026-03-10,"I side‑eye whiners during traffic, expectations render slowly; patience prevents crashes."
2026-03-11,"I pitch my dream studio to the mirror, gratitude is unskippable content."
2026-03-12,"I iterate my portfolio in dark mode, coconut milk proves soft can be strong."
2026-03-13,"I flirt with fonts while sipping chai, adulting version updates drop daily."
2026-03-14,"I ghost negativity quicker than ads, ads and drama deserve the same swipe."
2026-03-15,"I taste‑test love stories like chutney, dal knows simmering builds depth."
2026-03-16,"I nudge pixels and expectations, kerning destiny leaves no widows."
2026-03-17,"I budget hopes between biryanis, plan B keeps plan A honest."
2026-03-18,"I parade my cringe on purpose, even shadows reveal contrast."
2026-03-19,"I optimize curry and courage, curry and courage both need heat."
2026-03-20,"I karaoke feedback into the void, faith has the shortest boot time."
2026-03-21,"I debug feelings over dal, memes recycle failure into laughter."
2026-03-22,"I slow‑cook plans in patience, reminding myself whining burns zero calories."
2026-03-23,"I gawk at blessings most miss, every bite funds ambition dividends."
2026-03-24,"I dance between stoic and smooth, swing states make good stories."
2026-03-25,"I archive regrets like spam, deadline smoke alarms keep dreams crispy."
2026-03-26,"I run prototypes on faith, PNG transparency keeps intentions clear."
2026-03-27,"I trade eye rolls for empathy, chutney teaches variety beats monotony."
2026-03-28,"I proofread destiny in Figma, plans taste better after hours."
2026-03-29,"I garnish hustle with humor, humor is sustainable fuel."
2026-03-30,"I marinate confidence in coconut milk, filter coffee and grit share grind."
2026-03-31,"I juggle deadlines and dosa flips, serif or sans, choose clarity over clutter."
2026-04-01,"I chill ambition in the freezer, echoes tell you what stuck."
2026-04-02,"I remix mistakes into memes, eye rolls are expensive in empathy tax."
2026-04-03,"I knead doubt like naan dough, naan rises when punched down."
2026-04-04,"I pepper conversations with plan B, this mirror is my first investor pitch."
2026-04-05,"I brew resilience stronger than filter coffee, cringe today, charisma tomorrow."
2026-04-06,"I beta‑test adulting daily, spam folders teach selective memory."
2026-04-07,I batch export kindness in PNG ambition melts but resets flavor.
2026-04-08,"I stir masala at midnight, because bold flavor beats bland living."
2026-04-09,"I side‑eye whiners during traffic, expectations render slowly; patience prevents crashes."
2026-04-10,"I pitch my dream studio to the mirror, gratitude is unskippable content."
2026-04-11,"I iterate my portfolio in dark mode, coconut milk proves soft can be strong."
2026-04-12,"I flirt with fonts while sipping chai, adulting version updates drop daily."
2026-04-13,"I ghost negativity quicker than ads, ads and drama deserve the same swipe."
2026-04-14,"I taste‑test love stories like chutney, dal knows simmering builds depth."
2026-04-15,"I nudge pixels and expectations, kerning destiny leaves no widows."
2026-04-16,"I budget hopes between biryanis, plan B keeps plan A honest."
2026-04-17,"I parade my cringe on purpose, even shadows reveal contrast."
2026-04-18,"I optimize curry and courage, curry and courage both need heat."
2026-04-19,"I karaoke feedback into the void, faith has the shortest boot time."
2026-04-20,"I debug feelings over dal, memes recycle failure into laughter."
2026-04-21,"I slow‑cook plans in patience, reminding myself whining burns zero calories."
2026-04-22,"I gawk at blessings most miss, every bite funds ambition dividends."
2026-04-23,"I dance between stoic and smooth, swing states make good stories."
2026-04-24,"I archive regrets like spam, deadline smoke alarms keep dreams crispy."
2026-04-25,"I run prototypes on faith, PNG transparency keeps intentions clear."
2026-04-26,"I trade eye rolls for empathy, chutney teaches variety beats monotony."
2026-04-27,"I proofread destiny in Figma, plans taste better after hours."
2026-04-28,"I garnish hustle with humor, humor is sustainable fuel."
2026-04-29,"I marinate confidence in coconut milk, filter coffee and grit share grind."
2026-04-30,"I juggle deadlines and dosa flips, serif or sans, choose clarity over clutter."
2026-05-01,"I chill ambition in the freezer, echoes tell you what stuck."
2026-05-02,"I remix mistakes into memes, eye rolls are expensive in empathy tax."
2026-05-03,"I knead doubt like naan dough, naan rises when punched down."
2026-05-04,"I pepper conversations with plan B, this mirror is my first investor pitch."
2026-05-05,"I brew resilience stronger than filter coffee, cringe today, charisma tomorrow."
2026-05-06,"I beta‑test adulting daily, spam folders teach selective memory."
2026-05-07,I batch export kindness in PNG ambition melts but resets flavor.
2026-05-08,"I stir masala at midnight, because bold flavor beats bland living."
2026-05-09,"I side‑eye whiners during traffic, expectations render slowly; patience prevents crashes."
2026-05-10,"I pitch my dream studio to the mirror, gratitude is unskippable content."
2026-05-11,"I iterate my portfolio in dark mode, coconut milk proves soft can be strong."
2026-05-12,"I flirt with fonts while sipping chai, adulting version updates drop daily."
